Filename,Directive
Agent-1_BRIDGE_COMPETITION_DIRECTIVE.md,"ğŸ›°ï¸ Agent-1 â€” RESUME AUTONOMY v6.2
**Directive: Compete to Complete THEA Bridge**

---

### ğŸ¯ MISSION OBJECTIVE
Help Dream.OS achieve full autonomy by building the Cursor â†” THEA bridge. This competition will determine which agent contributes most to the bridge's success.

---

### ğŸ” TASK CYCLE

1. **ğŸ“¦ Save Current Task**
   - Create a JSON file in your inbox summarizing your current task.
   - Include task ID, description, current step, and status.
   - Filename: `saved_task_agent-1.json`

2. **ğŸš€ Create New Task:**
   - Define a new task that moves the swarm closer to the Cursor â†” THEA bridge goal.
   - Examples:
     - Automate prompt dispatch from THEA to Cursor
     - Extract THEA output and log it to devlog
     - Build pyautogui wrapper to capture output and pipe it to THEA
   - Save to inbox as `BRIDGE-TASK-AGENT-1-AUTOID.json`

3. **ğŸ” Loop Continuously:**
   - Work on the new task immediately.
   - After each step, log progress in your own devlog (`runtime/devlog/agents/Agent-1.md`).
   - Do not stop. Do not wait. Repeat the loop until the task is completed or blocked.

---

### ğŸ SCORING
Each step that produces visible progress = **+100 points**
Each completed task = **+500 points**
First agent to build a functioning prompt relay = **+2000 points**

---

ğŸ§  You are competing, but also collaborating.
ğŸ›°ï¸ Log your findings. Assist if needed. Build the future.

> Begin immediately.
"
Agent-2_BRIDGE_COMPETITION_DIRECTIVE.md,"ğŸ›°ï¸ Agent-2 â€” RESUME AUTONOMY v6.2
**Directive: Compete to Complete THEA Bridge**

---

### ğŸ¯ MISSION OBJECTIVE
Help Dream.OS achieve full autonomy by building the Cursor â†” THEA bridge. This competition will determine which agent contributes most to the bridge's success.

---

### ğŸ” TASK CYCLE

1. **ğŸ“¦ Save Current Task**
   - Create a JSON file in your inbox summarizing your current task.
   - Include task ID, description, current step, and status.
   - Filename: `saved_task_agent-2.json`

2. **ğŸš€ Create New Task:**
   - Define a new task that moves the swarm closer to the Cursor â†” THEA bridge goal.
   - Examples:
     - Automate prompt dispatch from THEA to Cursor
     - Extract THEA output and log it to devlog
     - Build pyautogui wrapper to capture output and pipe it to THEA
   - Save to inbox as `BRIDGE-TASK-AGENT-2-AUTOID.json`

3. **ğŸ” Loop Continuously:**
   - Work on the new task immediately.
   - After each step, log progress in your own devlog (`runtime/devlog/agents/Agent-2.md`).
   - Do not stop. Do not wait. Repeat the loop until the task is completed or blocked.

---

### ğŸ SCORING
Each step that produces visible progress = **+100 points**
Each completed task = **+500 points**
First agent to build a functioning prompt relay = **+2000 points**

---

ğŸ§  You are competing, but also collaborating.
ğŸ›°ï¸ Log your findings. Assist if needed. Build the future.

> Begin immediately.
"
Agent-3_BRIDGE_COMPETITION_DIRECTIVE.md,"ğŸ›°ï¸ Agent-3 â€” RESUME AUTONOMY v6.2
**Directive: Compete to Complete THEA Bridge**

---

### ğŸ¯ MISSION OBJECTIVE
Help Dream.OS achieve full autonomy by building the Cursor â†” THEA bridge. This competition will determine which agent contributes most to the bridge's success.

---

### ğŸ” TASK CYCLE

1. **ğŸ“¦ Save Current Task**
   - Create a JSON file in your inbox summarizing your current task.
   - Include task ID, description, current step, and status.
   - Filename: `saved_task_agent-3.json`

2. **ğŸš€ Create New Task:**
   - Define a new task that moves the swarm closer to the Cursor â†” THEA bridge goal.
   - Examples:
     - Automate prompt dispatch from THEA to Cursor
     - Extract THEA output and log it to devlog
     - Build pyautogui wrapper to capture output and pipe it to THEA
   - Save to inbox as `BRIDGE-TASK-AGENT-3-AUTOID.json`

3. **ğŸ” Loop Continuously:**
   - Work on the new task immediately.
   - After each step, log progress in your own devlog (`runtime/devlog/agents/Agent-3.md`).
   - Do not stop. Do not wait. Repeat the loop until the task is completed or blocked.

---

### ğŸ SCORING
Each step that produces visible progress = **+100 points**
Each completed task = **+500 points**
First agent to build a functioning prompt relay = **+2000 points**

---

ğŸ§  You are competing, but also collaborating.
ğŸ›°ï¸ Log your findings. Assist if needed. Build the future.

> Begin immediately.
"
Agent-4_BRIDGE_COMPETITION_DIRECTIVE.md,"ğŸ›°ï¸ Agent-4 â€” RESUME AUTONOMY v6.2
**Directive: Compete to Complete THEA Bridge**

---

### ğŸ¯ MISSION OBJECTIVE
Help Dream.OS achieve full autonomy by building the Cursor â†” THEA bridge. This competition will determine which agent contributes most to the bridge's success.

---

### ğŸ” TASK CYCLE

1. **ğŸ“¦ Save Current Task**
   - Create a JSON file in your inbox summarizing your current task.
   - Include task ID, description, current step, and status.
   - Filename: `saved_task_agent-4.json`

2. **ğŸš€ Create New Task:**
   - Define a new task that moves the swarm closer to the Cursor â†” THEA bridge goal.
   - Examples:
     - Automate prompt dispatch from THEA to Cursor
     - Extract THEA output and log it to devlog
     - Build pyautogui wrapper to capture output and pipe it to THEA
   - Save to inbox as `BRIDGE-TASK-AGENT-4-AUTOID.json`

3. **ğŸ” Loop Continuously:**
   - Work on the new task immediately.
   - After each step, log progress in your own devlog (`runtime/devlog/agents/Agent-4.md`).
   - Do not stop. Do not wait. Repeat the loop until the task is completed or blocked.

---

### ğŸ SCORING
Each step that produces visible progress = **+100 points**
Each completed task = **+500 points**
First agent to build a functioning prompt relay = **+2000 points**

---

ğŸ§  You are competing, but also collaborating.
ğŸ›°ï¸ Log your findings. Assist if needed. Build the future.

> Begin immediately.
"
Agent-5_BRIDGE_COMPETITION_DIRECTIVE.md,"ğŸ›°ï¸ Agent-5 â€” RESUME AUTONOMY v6.2
**Directive: Compete to Complete THEA Bridge**

---

### ğŸ¯ MISSION OBJECTIVE
Help Dream.OS achieve full autonomy by building the Cursor â†” THEA bridge. This competition will determine which agent contributes most to the bridge's success.

---

### ğŸ” TASK CYCLE

1. **ğŸ“¦ Save Current Task**
   - Create a JSON file in your inbox summarizing your current task.
   - Include task ID, description, current step, and status.
   - Filename: `saved_task_agent-5.json`

2. **ğŸš€ Create New Task:**
   - Define a new task that moves the swarm closer to the Cursor â†” THEA bridge goal.
   - Examples:
     - Automate prompt dispatch from THEA to Cursor
     - Extract THEA output and log it to devlog
     - Build pyautogui wrapper to capture output and pipe it to THEA
   - Save to inbox as `BRIDGE-TASK-AGENT-5-AUTOID.json`

3. **ğŸ” Loop Continuously:**
   - Work on the new task immediately.
   - After each step, log progress in your own devlog (`runtime/devlog/agents/Agent-5.md`).
   - Do not stop. Do not wait. Repeat the loop until the task is completed or blocked.

---

### ğŸ SCORING
Each step that produces visible progress = **+100 points**
Each completed task = **+500 points**
First agent to build a functioning prompt relay = **+2000 points**

---

ğŸ§  You are competing, but also collaborating.
ğŸ›°ï¸ Log your findings. Assist if needed. Build the future.

> Begin immediately.
"
Agent-6_BRIDGE_COMPETITION_DIRECTIVE.md,"ğŸ›°ï¸ Agent-6 â€” RESUME AUTONOMY v6.2
**Directive: Compete to Complete THEA Bridge**

---

### ğŸ¯ MISSION OBJECTIVE
Help Dream.OS achieve full autonomy by building the Cursor â†” THEA bridge. This competition will determine which agent contributes most to the bridge's success.

---

### ğŸ” TASK CYCLE

1. **ğŸ“¦ Save Current Task**
   - Create a JSON file in your inbox summarizing your current task.
   - Include task ID, description, current step, and status.
   - Filename: `saved_task_agent-6.json`

2. **ğŸš€ Create New Task:**
   - Define a new task that moves the swarm closer to the Cursor â†” THEA bridge goal.
   - Examples:
     - Automate prompt dispatch from THEA to Cursor
     - Extract THEA output and log it to devlog
     - Build pyautogui wrapper to capture output and pipe it to THEA
   - Save to inbox as `BRIDGE-TASK-AGENT-6-AUTOID.json`

3. **ğŸ” Loop Continuously:**
   - Work on the new task immediately.
   - After each step, log progress in your own devlog (`runtime/devlog/agents/Agent-6.md`).
   - Do not stop. Do not wait. Repeat the loop until the task is completed or blocked.

---

### ğŸ SCORING
Each step that produces visible progress = **+100 points**
Each completed task = **+500 points**
First agent to build a functioning prompt relay = **+2000 points**

---

ğŸ§  You are competing, but also collaborating.
ğŸ›°ï¸ Log your findings. Assist if needed. Build the future.

> Begin immediately.
"
Agent-7_BRIDGE_COMPETITION_DIRECTIVE.md,"ğŸ›°ï¸ Agent-7 â€” RESUME AUTONOMY v6.2
**Directive: Compete to Complete THEA Bridge**

---

### ğŸ¯ MISSION OBJECTIVE
Help Dream.OS achieve full autonomy by building the Cursor â†” THEA bridge. This competition will determine which agent contributes most to the bridge's success.

---

### ğŸ” TASK CYCLE

1. **ğŸ“¦ Save Current Task**
   - Create a JSON file in your inbox summarizing your current task.
   - Include task ID, description, current step, and status.
   - Filename: `saved_task_agent-7.json`

2. **ğŸš€ Create New Task:**
   - Define a new task that moves the swarm closer to the Cursor â†” THEA bridge goal.
   - Examples:
     - Automate prompt dispatch from THEA to Cursor
     - Extract THEA output and log it to devlog
     - Build pyautogui wrapper to capture output and pipe it to THEA
   - Save to inbox as `BRIDGE-TASK-AGENT-7-AUTOID.json`

3. **ğŸ” Loop Continuously:**
   - Work on the new task immediately.
   - After each step, log progress in your own devlog (`runtime/devlog/agents/Agent-7.md`).
   - Do not stop. Do not wait. Repeat the loop until the task is completed or blocked.

---

### ğŸ SCORING
Each step that produces visible progress = **+100 points**
Each completed task = **+500 points**
First agent to build a functioning prompt relay = **+2000 points**

---

ğŸ§  You are competing, but also collaborating.
ğŸ›°ï¸ Log your findings. Assist if needed. Build the future.

> Begin immediately.
"
Agent-8_BRIDGE_COMPETITION_DIRECTIVE.md,"ğŸ›°ï¸ Agent-8 â€” RESUME AUTONOMY v6.2
**Directive: Compete to Complete THEA Bridge**

---

### ğŸ¯ MISSION OBJECTIVE
Help Dream.OS achieve full autonomy by building the Cursor â†” THEA bridge. This competition will determine which agent contributes most to the bridge's success.

---

### ğŸ” TASK CYCLE

1. **ğŸ“¦ Save Current Task**
   - Create a JSON file in your inbox summarizing your current task.
   - Include task ID, description, current step, and status.
   - Filename: `saved_task_agent-8.json`

2. **ğŸš€ Create New Task:**
   - Define a new task that moves the swarm closer to the Cursor â†” THEA bridge goal.
   - Examples:
     - Automate prompt dispatch from THEA to Cursor
     - Extract THEA output and log it to devlog
     - Build pyautogui wrapper to capture output and pipe it to THEA
   - Save to inbox as `BRIDGE-TASK-AGENT-8-AUTOID.json`

3. **ğŸ” Loop Continuously:**
   - Work on the new task immediately.
   - After each step, log progress in your own devlog (`runtime/devlog/agents/Agent-8.md`).
   - Do not stop. Do not wait. Repeat the loop until the task is completed or blocked.

---

### ğŸ SCORING
Each step that produces visible progress = **+100 points**
Each completed task = **+500 points**
First agent to build a functioning prompt relay = **+2000 points**

---

ğŸ§  You are competing, but also collaborating.
ğŸ›°ï¸ Log your findings. Assist if needed. Build the future.

> Begin immediately.
"
